Activity Type,Date,Favorite,Title,Distance,Calories,Time,Avg HR,Max HR,Avg Run Cadence,Max Run Cadence,Avg Pace,Best Pace,Total Ascent,Total Descent,Avg Stride Length,Training Stress Score®,Steps,Decompression,Best Lap Time,Number of Laps,Moving Time,Elapsed Time,Min Elevation,Max Elevation
Running,2025-12-31 16:01:35,false,"Fairfax County Running","3.21","373","00:28:53","152","164","168","179","9:00","6:58","109","87","1.07","0.0","4,842","No","00:01:42.7","4","00:28:42","00:28:53","8","99"
Running,2025-12-28 09:32:35,false,"Fairfax County Running","9.43","1,170","01:29:54","164","187","173","182","9:32","7:05","152","130","0.98","0.0","15,568","No","00:04:25.2","10","01:29:51","01:29:54","3","99"
Running,2025-12-26 08:43:25,false,"Fairfax County Running","3.71","451","00:34:09","152","178","170","185","9:12","7:07","105","94","1.03","0.0","5,790","No","00:06:29.6","4","00:34:08","00:34:09","10","99"
Running,2025-12-24 09:40:43,false,"Fairfax County Running","4.23","506","00:38:57","153","178","169","181","9:12","7:33","112","92","1.04","0.0","6,570","No","00:02:28.2","5","00:38:49","00:40:22","4","99"
Running,2025-12-23 16:33:23,false,"Fairfax County Running","3.01","333","00:27:25","142","158","167","181","9:07","6:40","43","40","1.05","0.0","4,608","No","00:00:03.4","4","00:27:20","00:27:25","50","99"
Running,2025-12-21 09:57:17,false,"Fairfax County Running","4.02","483","00:37:03","157","176","169","187","9:12","6:44","96","88","1.04","0.0","6,238","No","00:00:11.8","5","00:36:46","00:39:48","19","99"
Running,2025-12-20 10:09:34,false,"Fairfax County Running","3.32","414","00:31:34","156","169","167","182","9:30","7:09","107","86","1.02","0.0","5,290","No","00:03:16.7","4","00:30:45","00:31:34","8","99"
Running,2025-12-14 08:27:02,false,"Fairfax County Running","3.07","382","00:31:20","146","165","163","179","10:12","7:51","126","113","0.97","0.0","5,128","No","00:00:48.9","4","00:30:25","00:54:33","11","100"
Running,2025-12-13 08:42:26,false,"Fairfax County Running","6.50","796","01:00:07","164","179","173","183","9:15","7:08","189","181","1.01","0.0","10,354","No","00:04:49.6","7","01:00:03","01:00:07","7","99"
Running,2025-12-07 10:07:56,false,"Fairfax County Running","3.30","392","00:30:24","151","183","173","183","9:13","6:52","37","37","1.01","0.0","5,258","No","00:02:52.0","4","00:30:20","00:30:24","3","34"
Running,2025-12-06 09:44:15,false,"Fairfax County Running","5.13","626","00:48:28","160","179","170","179","9:27","6:29","118","95","1.00","0.0","8,244","No","00:01:12.5","6","00:48:27","00:48:28","3","100"
Running,2025-12-05 08:17:41,false,"Fairfax County Running","3.08","363","00:27:07","143","161","168","180","8:49","6:51","64","50","1.09","0.0","4,564","No","00:00:42.7","4","00:27:02","00:27:07","49","99"
Running,2025-12-03 09:53:42,false,"Fairfax County Running","3.22","400","00:30:32","156","178","169","181","9:28","7:14","109","88","1.01","0.0","5,152","No","00:02:10.1","4","00:30:30","00:30:32","10","99"
Running,2025-11-30 15:54:24,false,"Fairfax County Running","3.01","364","00:28:25","150","160","169","181","9:27","7:30","54","42","1.01","0.0","4,798","No","00:00:04.4","4","00:28:25","00:28:25","51","99"
Running,2025-11-29 09:26:29,false,"Fairfax County Running","4.25","511","00:40:32","151","170","169","179","9:32","7:08","111","88","1.00","0.0","6,828","No","00:02:25.9","5","00:40:31","00:40:32","4","100"
Running,2025-11-27 08:33:35,false,"Turkey Chase Charity Race","6.29","745","00:52:29","168","183","171","186","8:20","6:09","211","217","1.13","0.0","8,938","No","00:01:52.2","7","00:52:26","00:52:29","235","385"
Running,2025-11-26 10:58:17,false,"Fairfax County Running","4.30","536","00:41:15","155","168","168","178","9:36","7:41","106","88","1.00","0.0","6,938","No","00:02:53.4","5","00:41:13","00:41:15","4","99"
Running,2025-11-25 09:00:28,false,"Fairfax County Running","3.09","385","00:28:58","158","173","167","178","9:23","7:39","109","86","1.03","0.0","4,826","No","00:00:47.7","4","00:28:57","00:28:58","10","99"
Running,2025-11-23 13:11:12,false,"Fairfax County Running","4.59","562","00:44:09","152","171","166","179","9:37","7:26","108","89","1.01","0.0","7,304","No","00:06:19.9","5","00:44:08","00:44:26","4","100"
Running,2025-11-16 09:22:59,false,"Fairfax County Running","6.17","762","01:00:00","154","176","168","185","9:43","7:17","166","156","0.99","0.0","10,086","No","00:01:40.9","7","01:00:00","01:03:16","16","99"
Running,2025-11-15 08:53:33,false,"Fairfax County Running","3.30","400","00:30:52","159","180","167","177","9:20","7:06","105","87","1.03","0.0","5,144","No","00:02:57.6","4","00:30:50","00:33:22","9","99"
Running,2025-11-11 09:38:30,false,"Fairfax County Running","3.35","412","00:31:34","150","169","167","176","9:26","7:27","110","88","1.03","0.0","5,250","No","00:03:16.3","4","00:31:33","00:31:34","10","99"
Running,2025-11-09 10:28:50,false,"Fairfax County Running","3.05","379","00:28:50","159","178","167","178","9:27","7:47","38","37","1.02","0.0","4,824","No","00:00:31.0","4","00:28:50","00:28:50","49","99"
Running,2025-11-08 08:27:50,false,"Fairfax County Running","4.19","519","00:40:39","159","175","168","184","9:42","6:48","106","89","0.99","0.0","6,836","No","00:01:56.2","5","00:40:36","00:42:22","3","99"
Running,2025-11-04 15:54:09,false,"Fairfax County Running","3.15","379","00:29:48","151","168","167","177","9:28","7:51","78","66","1.02","0.0","4,950","No","00:01:29.0","4","00:29:47","00:29:48","48","99"
Running,2025-11-02 09:03:23,false,"Fairfax County Running","4.32","524","00:41:14","152","171","167","182","9:33","6:57","105","89","1.01","0.0","6,902","No","00:03:11.0","5","00:41:11","00:41:14","4","99"
Running,2025-11-01 09:14:35,false,"Fairfax County Running","3.36","420","00:31:55","156","170","164","177","9:30","7:02","109","87","1.03","0.0","5,218","No","00:03:33.3","4","00:31:54","00:31:55","9","99"
Running,2025-10-28 17:43:41,false,"Fairfax County Running","3.06","376","00:30:07","153","168","164","173","9:51","5:56","49","50","1.00","0.0","4,910","No","00:00:33.4","4","00:30:06","00:30:07","50","99"
Running,2025-10-19 17:02:43,false,"Fairfax County Running","3.06","382","00:28:28","157","175","165","176","9:18","7:20","60","48","1.05","0.0","4,694","No","00:00:31.8","4","00:28:27","00:28:28","50","99"
Running,2025-10-04 08:59:14,false,"Fairfax County Running","3.11","378","00:28:49","148","171","168","177","9:15","7:09","103","87","1.04","0.0","4,832","No","00:01:08.7","4","00:28:49","00:28:49","9","100"
Running,2025-10-02 18:10:01,false,"Fairfax County Running","2.98","328","00:26:34","160","179","165","175","8:54","7:02","76","65","1.10","0.0","2,928","No","00:08:33","3","00:26:34","00:26:34","48","99"
Running,2025-09-30 18:06:58,false,"Fairfax County Running","3.06","371","00:29:24","147","163","167","178","9:36","7:33","82","78","1.01","0.0","4,892","No","00:00:36.2","4","00:29:23","00:29:24","50","99"
Running,2025-09-28 08:57:59,false,"Fairfax County Running","3.17","385","00:29:06","152","165","166","175","9:11","7:18","60","49","1.06","0.0","4,810","No","00:01:39.6","4","00:29:06","00:29:06","47","98"
Running,2025-09-27 08:41:39,false,"Fairfax County Running","6.11","745","00:59:47","152","164","169","182","9:47","7:39","116","95","0.97","0.0","10,088","No","00:01:07.2","7","00:59:45","00:59:47","3","99"
Running,2025-09-26 18:13:37,false,"Fairfax County Running","3.07","368","00:28:35","148","162","165","176","9:18","6:49","39","36","1.05","0.0","4,704","No","00:00:45.9","4","00:28:33","00:28:35","49","99"
Running,2025-09-24 17:46:12,false,"Fairfax County Running","3.52","439","00:37:00","144","161","162","173","10:31","8:06","110","87","0.94","0.0","6,036","No","00:06:12.7","4","00:37:00","00:37:00","10","98"
Running,2025-09-23 18:38:18,false,"Fairfax County Running","2.28","277","00:20:26","159","174","166","178","8:58","6:53","58","35","1.08","0.0","3,412","No","00:02:55.5","3","00:20:26","00:20:26","50","100"
Running,2025-09-21 08:48:33,false,"Fairfax County Running","4.45","498","00:40:40","153","176","171","183","9:08","7:18","123","109","1.03","0.0","6,168","No","00:04:29","5","00:40:40","00:40:40","20","99"
Running,2025-09-20 08:58:27,false,"Fairfax County Running","7.16","865","01:06:26","157","177","172","183","9:17","7:00","121","99","1.01","0.0","11,396","No","00:01:36.7","8","01:06:23","01:07:02","3","98"
Running,2025-09-18 17:33:49,false,"Fairfax County Running","3.04","373","00:29:23","150","164","167","179","9:40","8:17","62","51","1.00","0.0","4,900","No","00:00:21.4","4","00:29:19","00:30:04","50","99"
Running,2025-09-17 17:47:48,false,"Fairfax County Running","3.13","366","00:28:08","153","170","168","184","9:00","7:21","93","81","1.06","0.0","4,738","No","00:01:16.1","4","00:28:07","00:28:08","48","98"
Running,2025-09-14 09:54:16,false,"Fairfax County Running","3.32","400","00:29:56","159","170","170","183","9:01","7:07","86","64","1.05","0.0","5,092","No","00:03:30.1","4","00:29:54","00:29:56","49","98"
Running,2025-09-13 08:16:48,false,"Fairfax County Running","7.43","911","01:09:31","161","185","172","183","9:22","6:57","132","130","1.00","0.0","11,924","No","00:04:22.2","8","01:09:26","01:09:56","3","99"
Running,2025-09-12 17:14:41,false,"Fairfax County Running","3.04","374","00:27:16","163","176","168","178","8:58","7:08","65","52","1.07","0.0","4,568","No","00:00:20.8","4","00:27:14","00:27:16","49","99"
Running,2025-09-09 17:56:49,false,"Fairfax County Running","3.07","365","00:27:30","154","166","164","180","8:57","6:59","44","42","1.10","0.0","4,516","No","00:00:39.2","4","00:27:24","00:27:30","49","99"
Running,2025-09-06 09:04:13,false,"Fairfax County Running","5.06","627","00:47:15","163","183","170","183","9:21","6:44","114","95","1.01","0.0","8,012","No","00:00:38.3","6","00:47:08","00:49:27","3","99"
Running,2025-09-04 18:04:13,false,"Fairfax County Running","3.20","373","00:28:13","153","174","167","179","8:50","6:47","84","71","1.09","0.0","4,710","No","00:01:46.4","4","00:28:12","00:28:13","44","98"
Running,2025-09-03 18:13:58,false,"Fairfax County Running","3.05","371","00:28:21","153","167","167","178","9:17","7:36","38","36","1.04","0.0","4,724","No","00:00:27.6","4","00:28:19","00:28:21","50","99"
Running,2025-09-01 09:32:57,false,"Fairfax County Running","4.51","535","00:41:09","152","168","170","183","9:07","6:27","107","94","1.04","0.0","7,008","No","00:05:16.1","5","00:41:09","00:41:12","4","99"
Running,2025-08-30 09:57:35,false,"Fairfax County Running","6.53","761","00:58:59","152","168","170","181","9:02","6:49","119","99","1.05","0.0","10,034","No","00:05:11.2","7","00:58:39","01:02:33","3","98"
Running,2025-08-27 18:48:04,false,"Fairfax County Running","3.07","364","00:26:28","159","185","165","176","8:38","6:32","56","48","1.13","0.0","4,358","No","00:00:33.3","4","00:26:26","00:26:28","50","99"
Running,2025-08-26 18:01:25,false,"Fairfax County Running","3.04","366","00:29:18","145","163","165","173","9:39","7:55","54","38","1.01","0.0","4,820","No","00:00:22.2","4","00:29:18","00:29:18","50","98"
Running,2025-08-24 07:32:11,false,"Philly 10k","6.34","745","00:50:53","172","191","177","249","8:02","5:47","20","23","1.13","0.0","9,002","No","00:02:26.0","7","00:50:52","00:50:53","16","39"
Running,2025-08-22 15:53:30,false,"Fairfax County Running","3.13","378","00:29:13","152","165","166","175","9:19","7:45","78","66","1.04","0.0","4,830","No","00:01:18.2","4","00:29:11","00:29:13","48","98"
Running,2025-08-21 18:10:39,false,"Fairfax County Running","3.06","362","00:27:47","151","163","166","177","9:04","7:07","78","80","1.07","0.0","4,616","No","00:00:34.7","4","00:27:45","00:27:47","10","99"
Running,2025-08-19 18:08:23,false,"Fairfax County Running","3.12","372","00:27:30","159","172","167","179","8:49","6:33","98","87","1.10","0.0","4,584","No","00:01:17.3","4","00:27:29","00:27:30","44","99"
Running,2025-08-17 09:13:17,false,"Fairfax County Running","5.09","623","00:46:43","162","182","169","186","9:11","6:19","161","148","1.04","0.0","7,902","No","00:01:01.9","6","00:46:34","00:48:09","17","98"
Running,2025-08-16 09:25:21,false,"Fairfax County Running","4.31","534","00:40:36","154","179","170","186","9:25","7:37","101","88","1.01","0.0","6,894","No","00:02:46.0","5","00:40:35","00:40:36","4","99"
Running,2025-08-14 17:14:36,false,"Fairfax County Running","4.03","489","00:39:21","150","168","166","183","9:46","7:06","103","95","0.99","0.0","6,540","No","00:00:12.9","5","00:39:09","00:39:21","20","99"
Running,2025-08-12 18:12:33,false,"Fairfax County Running","3.06","385","00:28:24","164","184","166","177","9:17","6:45","61","46","1.04","0.0","4,724","No","00:00:36.8","4","00:28:10","00:28:36","50","99"
Running,2025-08-10 10:15:46,false,"Fairfax County Running","3.17","378","00:28:25","158","173","169","187","8:57","6:43","39","36","1.06","0.0","4,816","No","00:01:56.9","4","00:28:22","00:28:25","50","99"
Running,2025-08-09 09:04:38,false,"Fairfax County Running","4.73","585","00:42:47","166","184","169","178","9:02","6:49","102","102","1.06","0.0","7,228","No","00:07:21.4","5","00:42:46","00:42:47","4","98"
Running,2025-08-07 18:23:09,false,"Fairfax County Running","2.33","260","00:29:22","126","151","140","169","12:36","8:00","104","91","0.90","0.0","3,346","No","00:07:07","3","00:28:56","00:29:54","34","99"
Running,2025-08-06 18:56:00,false,"Fairfax County Running","3.13","372","00:29:45","147","167","165","178","9:30","7:18","40","35","1.03","0.0","4,942","No","00:01:25.8","4","00:29:23","00:32:29","47","99"
Running,2025-08-05 18:16:05,false,"Fairfax County Running","3.06","374","00:27:42","161","179","169","179","9:04","7:08","63","47","1.05","0.0","4,662","No","00:00:32.1","4","00:27:41","00:27:42","49","99"
Running,2025-08-02 08:43:05,false,"Fairfax County Running","6.07","777","01:00:12","164","177","167","181","9:55","6:42","118","95","0.97","0.0","10,070","No","00:00:41.4","7","01:00:08","01:00:12","3","98"
Running,2025-07-27 09:28:50,false,"Fairfax County Running","3.19","393","00:31:54","145","162","168","177","10:00","8:14","107","86","0.96","0.0","5,344","No","00:01:58.6","4","00:31:53","00:31:54","10","98"
Running,2025-07-26 09:20:48,false,"Fairfax County Running","4.30","538","00:41:45","156","182","170","182","9:42","7:13","105","89","0.98","0.0","7,098","No","00:03:17.5","5","00:41:36","00:44:16","4","99"
Running,2025-07-24 07:08:11,false,"Fairfax County Running","3.33","390","00:30:04","153","167","168","178","9:02","6:43","103","89","1.07","0.0","5,028","No","00:03:10.1","4","00:30:02","00:30:04","7","99"
Running,2025-07-23 17:43:13,false,"Fairfax County Running","3.09","378","00:28:56","153","164","168","177","9:22","7:11","79","62","1.03","0.0","4,840","No","00:00:51.3","4","00:28:55","00:28:56","49","98"
Running,2025-07-22 07:36:21,false,"Fairfax County Running","3.06","366","00:28:56","146","156","169","182","9:26","8:04","44","37","1.01","0.0","4,868","No","00:00:39.6","4","00:28:54","00:28:56","50","100"
Running,2025-07-20 10:30:32,false,"Fairfax County Running","4.01","497","00:38:16","156","173","166","180","9:33","6:59","111","109","1.02","0.0","6,360","No","00:00:03.3","5","00:37:58","00:38:16","29","99"
Running,2025-07-19 08:42:27,false,"Fairfax County Running","5.09","638","00:50:34","158","173","167","182","9:56","6:56","111","95","0.97","0.0","8,448","No","00:00:53.5","6","00:50:23","00:51:24","3","99"
Running,2025-07-16 06:46:04,false,"Fairfax County Running","3.14","379","00:29:13","152","168","168","177","9:18","7:04","72","59","1.03","0.0","4,900","No","00:01:30.1","4","00:29:12","00:29:13","48","98"
Running,2025-07-13 09:09:24,false,"Fairfax County Running","3.09","371","00:27:40","159","181","169","180","8:58","1:21","60","50","1.06","0.0","4,676","No","00:00:47.5","4","00:27:39","00:27:40","49","99"
Running,2025-07-12 08:43:50,false,"Alexandria Running","5.58","728","00:58:53","161","182","159","249","10:34","6:58","150","84","0.95","0.0","9,388","No","00:06:50.4","6","00:58:48","00:59:12","-33","98"
Running,2025-07-10 17:55:04,false,"Fairfax County Running","3.14","389","00:29:55","158","176","164","174","9:31","7:41","102","87","1.03","0.0","4,900","No","00:01:27.3","4","00:29:51","00:29:55","9","98"
Running,2025-07-07 06:12:00,false,"Fairfax County Running","3.39","385","00:30:05","154","177","164","182","8:53","6:28","64","45","1.10","0.0","4,946","No","00:03:41.6","4","00:30:03","00:30:05","49","99"
Running,2025-07-05 09:59:44,false,"Fairfax County Running","4.47","573","00:43:02","164","179","167","178","9:37","7:14","111","89","1.00","0.0","7,170","No","00:05:04.5","5","00:43:01","00:43:02","4","98"
Running,2025-07-04 10:05:08,false,"Fairfax County Running","4.46","556","00:41:22","162","179","166","178","9:17","6:44","110","89","1.03","0.0","6,936","No","00:04:34.8","5","00:41:20","00:41:22","4","98"
Running,2025-06-30 18:44:41,false,"Fairfax County Running","3.01","379","00:29:42","156","171","165","174","9:53","7:37","39","36","0.99","0.0","4,890","No","00:00:04.1","4","00:29:40","00:29:42","49","98"
Running,2025-06-24 17:54:26,false,"Fairfax County Running","3.07","373","00:34:27","141","156","154","247","11:14","7:47","104","89","0.93","0.0","5,374","No","00:00:41.4","4","00:34:20","00:34:27","7","98"
Running,2025-06-22 09:26:43,false,"Fairfax County Running","4.23","538","00:53:41","141","164","146","182","12:41","8:46","123","109","0.86","0.0","7,944","No","00:07:28.5","5","00:49:11","00:53:41","14","92"
Running,2025-06-22 09:10:24,false,"Fairfax County Running","0.00","186","00:14:42","144","154","164","173","--","7:39","21","40","0.00","0.0","2,428","No","00:14:42","1","00:13:49","00:15:00","50","99"
Running,2025-06-21 08:31:40,false,"Fairfax County Running","4.01","491","00:37:10","157","185","170","186","9:17","7:10","108","86","1.02","0.0","6,290","No","00:00:04.2","5","00:37:09","00:37:10","5","98"
Running,2025-06-19 08:41:43,false,"Fairfax County Running","4.26","503","00:39:30","157","178","167","181","9:17","7:33","146","126","1.04","0.0","6,168","No","00:02:35","5","00:39:30","00:39:30","17","99"
Running,2025-06-17 18:00:23,false,"Fairfax County Running","3.19","391","00:30:22","154","169","167","178","9:30","6:18","110","88","1.01","0.0","5,092","No","00:01:56.4","4","00:30:21","00:30:22","9","99"
Running,2025-06-15 09:05:26,false,"Fairfax County Running","5.48","657","00:52:10","151","172","170","182","9:31","7:23","112","93","0.99","0.0","8,858","No","00:04:46.3","6","00:52:09","00:52:10","3","99"
Running,2025-06-14 08:24:18,false,"Fairfax County Running","3.69","459","00:35:43","157","179","166","180","9:40","6:35","91","89","1.00","0.0","5,956","No","00:07:07.3","4","00:35:40","00:37:09","7","99"
Running,2025-06-12 17:50:53,false,"Fairfax County Running","3.15","388","00:31:51","148","164","165","176","10:07","7:34","87","74","0.96","0.0","5,262","No","00:01:41.0","4","00:31:46","00:32:34","49","98"
Running,2025-06-10 17:53:14,false,"Fairfax County Running","3.08","369","00:28:42","153","168","166","178","9:20","7:20","111","88","1.04","0.0","4,758","No","00:00:41.6","4","00:28:41","00:28:42","8","99"
Running,2025-06-08 08:39:36,false,"Fairfax County Running","4.02","484","00:37:59","152","168","169","180","9:27","6:50","87","81","1.01","0.0","6,404","No","00:00:10.9","5","00:37:57","00:37:59","20","99"
Running,2025-06-07 08:31:40,false,"Fairfax County Running","6.16","771","00:56:40","165","185","170","179","9:12","7:05","117","95","1.03","0.0","9,618","No","00:01:30.8","7","00:56:38","00:56:40","3","98"
Running,2025-06-05 18:18:13,false,"Fairfax County Running","3.04","366","00:27:42","156","167","167","177","9:07","7:23","56","58","1.06","0.0","4,616","No","00:00:19.5","4","00:27:41","00:27:42","50","99"
Running,2025-06-03 18:07:11,false,"Fairfax County Running","3.26","406","00:31:33","155","172","165","175","9:41","8:00","97","77","1.01","0.0","5,184","No","00:02:43.9","4","00:31:33","00:31:33","50","118"
Running,2025-06-01 08:27:45,false,"Fairfax County Running","6.08","739","00:57:55","152","167","168","180","9:31","7:33","112","95","1.01","0.0","9,718","No","00:00:40.7","7","00:57:53","00:58:42","3","100"
Running,2025-05-31 08:27:18,false,"Fairfax County Running","4.67","567","00:41:39","150","178","170","181","8:55","6:58","134","131","1.06","0.0","7,072","No","00:07:01.7","5","00:41:38","00:41:39","9","100"
Running,2025-05-29 18:10:17,false,"Fairfax County Running","3.21","392","00:29:31","155","172","165","176","9:11","7:06","102","85","1.06","0.0","4,882","No","00:02:06.5","4","00:29:30","00:29:31","9","99"
Running,2025-05-24 08:42:52,false,"Fairfax County Running","4.19","511","00:38:59","163","179","167","178","9:18","6:52","107","86","1.03","0.0","6,510","No","00:01:43.1","5","00:38:58","00:38:59","9","99"
Running,2025-05-23 15:59:57,false,"Fairfax County Running","4.14","516","00:38:52","156","169","166","178","9:23","7:36","111","89","1.03","0.0","6,450","No","00:01:20.4","5","00:38:51","00:38:52","4","99"
Running,2025-05-18 09:13:45,false,"Fairfax County Running","5.22","656","01:04:31","137","160","131","180","12:21","6:52","126","130","1.00","0.0","8,614","No","00:08:44.1","6","00:50:48","01:04:31","3","99"
Running,2025-05-16 18:27:20,false,"Fairfax County Running","3.13","398","00:30:16","154","175","157","178","9:41","7:07","54","53","1.06","0.0","4,800","No","00:01:02.2","4","00:28:58","00:31:20","49","98"
Running,2025-05-15 18:02:19,false,"Fairfax County Running","3.23","407","00:31:08","158","175","165","175","9:39","7:08","105","89","1.01","0.0","5,124","No","00:02:21.9","4","00:31:07","00:31:08","10","98"
Running,2025-05-12 08:11:46,false,"Fairfax County Running","3.04","371","00:27:30","155","173","170","181","9:02","6:44","65","57","1.05","0.0","4,664","No","00:00:23.0","4","00:27:28","00:27:30","50","98"
Running,2025-05-10 08:08:05,false,"Fairfax County Running","4.55","551","00:41:31","153","173","168","179","9:07","6:43","111","89","1.05","0.0","6,970","No","00:05:04.2","5","00:41:30","00:41:31","4","98"
Running,2025-05-07 18:18:03,false,"Fairfax County Running","3.08","373","00:26:24","163","181","165","176","8:35","5:55","83","81","1.14","0.0","4,332","No","00:00:39.0","4","00:26:24","00:26:24","49","98"
Running,2025-05-05 17:24:10,false,"Fairfax County Running","3.05","382","00:28:46","157","180","165","174","9:25","6:18","111","88","1.04","0.0","4,730","No","00:00:29.1","4","00:28:45","00:28:46","9","99"
Running,2025-05-03 08:36:16,false,"Fairfax County Running","4.26","544","00:40:33","162","178","166","178","9:31","6:54","110","109","1.02","0.0","6,770","No","00:00:01.1","6","00:40:30","00:41:17","4","98"
Running,2025-04-27 07:03:39,false,"Parkway Classic","13.25","1,630","02:01:05","163","186","164","187","9:08","6:54","246","269","1.07","0.0","20,042","No","00:01:51.4","14","01:56:40","02:01:05","3","82"
Running,2025-04-26 08:32:39,false,"Fairfax County Running","2.01","242","00:18:10","154","169","167","179","9:03","5:37","78","59","1.07","0.0","3,026","No","00:00:04.8","3","00:18:09","00:18:10","33","98"
Running,2025-04-24 18:01:38,false,"Fairfax County Running","3.07","366","00:29:24","146","160","165","176","9:34","7:55","39","37","1.02","0.0","4,844","No","00:00:39.3","4","00:29:17","00:30:28","50","98"
Running,2025-04-22 18:20:11,false,"Fairfax County Running","3.15","381","00:30:15","147","160","166","174","9:37","7:59","105","87","1.01","0.0","5,026","No","00:01:22.7","4","00:30:13","00:30:15","10","98"
Running,2025-04-20 09:05:49,false,"Fairfax County Running","3.07","376","00:28:10","154","169","166","181","9:11","7:05","58","57","1.06","0.0","4,676","No","00:03:27.3","4","00:28:09","00:28:10","49","98"
Running,2025-04-19 08:56:11,false,"Fairfax County Running","6.12","748","00:59:04","152","172","168","177","9:39","7:30","117","94","0.99","0.0","9,926","No","00:01:11.0","7","00:58:56","01:00:15","3","98"
Running,2025-04-16 18:04:22,false,"Fairfax County Running","4.22","509","00:39:08","151","166","166","175","9:16","6:57","101","88","1.05","0.0","6,476","No","00:02:13.7","5","00:39:06","00:39:08","4","99"
Running,2025-04-15 18:26:21,false,"Fairfax County Running","3.04","371","00:27:49","150","165","165","176","9:09","7:04","51","54","1.07","0.0","4,584","No","00:00:23.0","4","00:27:48","00:27:49","49","101"
Running,2025-04-14 18:04:22,false,"Fairfax County Running","3.07","366","00:26:42","162","178","166","177","8:42","6:49","113","91","1.12","0.0","4,416","No","00:00:29.9","4","00:26:42","00:26:42","9","99"
Running,2025-04-13 07:41:25,false,"Fairfax County Running","3.50","435","00:33:17","155","170","165","179","9:31","7:33","111","89","1.02","0.0","5,524","No","00:04:54.8","4","00:32:46","00:40:34","4","99"
Running,2025-04-09 18:02:38,false,"Fairfax County Running","3.14","384","00:28:12","159","181","165","175","8:59","7:23","105","92","1.09","0.0","4,656","No","00:01:19.6","4","00:28:12","00:28:12","47","99"
Running,2025-04-06 13:00:16,false,"Montgomery County Running","9.04","1,062","01:30:17","137","158","164","177","9:59","7:07","185","196","0.98","0.0","14,880","No","00:00:19.9","10","01:28:21","01:32:59","204","277"
Running,2025-04-05 09:09:37,false,"Fairfax County Running","4.25","518","00:39:23","152","171","168","222","9:16","6:46","116","94","1.03","0.0","6,630","No","00:02:36.5","5","00:39:22","00:39:23","4","99"
Running,2025-04-03 18:24:37,false,"Fairfax County Running","3.26","407","00:32:29","150","167","164","173","9:58","7:46","101","85","0.99","0.0","5,312","No","00:02:31.8","4","00:32:28","00:32:42","10","98"
Running,2025-04-01 18:01:56,false,"Fairfax County Running","3.22","390","00:29:01","155","171","165","182","9:01","7:34","108","87","1.08","0.0","4,780","No","00:02:19.1","4","00:29:00","00:29:01","9","99"
Running,2025-03-31 18:08:21,false,"Fairfax County Running","3.03","370","00:27:13","161","188","164","182","8:59","5:56","69","53","1.10","0.0","4,436","No","00:00:21.4","4","00:27:09","00:28:36","50","98"
Running,2025-03-29 08:34:10,false,"Fairfax County Running","8.49","1,045","01:24:52","155","174","168","234","9:59","7:16","163","141","0.96","0.0","14,278","No","00:06:01.7","9","01:24:37","01:26:37","3","99"
Running,2025-03-24 17:48:10,false,"Fairfax County Running","4.01","478","00:36:11","154","171","166","181","9:01","6:39","98","93","1.07","0.0","6,004","No","00:00:04.3","5","00:36:08","00:36:11","20","98"
Running,2025-03-22 08:54:12,false,"Fairfax County Running","6.13","756","00:58:56","156","173","168","176","9:37","7:56","108","91","1.00","0.0","9,892","No","00:01:19.8","7","00:58:55","00:58:56","3","99"
Running,2025-03-20 17:24:04,false,"Fairfax County Running","3.05","365","00:31:01","142","158","165","175","10:11","7:40","48","37","0.96","0.0","5,102","No","00:00:25.5","4","00:30:58","00:31:01","50","99"
Running,2025-03-18 18:12:34,false,"Fairfax County Running","3.17","367","00:31:43","145","165","162","175","10:01","7:32","109","109","0.99","0.0","4,852","No","00:02:08","4","00:31:42","00:31:43","9","98"
Running,2025-03-16 10:21:41,false,"Fairfax County Running","3.04","373","00:28:50","151","168","166","179","9:28","6:50","73","69","1.02","0.0","4,794","No","00:00:27.6","4","00:28:48","00:28:50","49","99"
Running,2025-03-15 08:42:31,false,"Fairfax County Running","8.01","956","01:13:09","158","174","168","179","9:08","6:43","146","145","1.05","0.0","12,250","No","00:00:08.5","9","01:13:07","01:13:14","3","99"
Running,2025-03-13 17:59:20,false,"Fairfax County Running","3.13","363","00:27:12","155","171","167","182","8:42","6:54","71","63","1.11","0.0","4,542","No","00:01:14.4","4","00:27:00","00:27:12","47","98"
Running,2025-03-11 17:29:26,false,"Fairfax County Running","4.25","517","00:40:36","150","171","167","179","9:33","7:11","104","88","1.01","0.0","6,764","No","00:02:10.9","5","00:40:35","00:40:39","4","98"
Running,2025-03-09 09:41:42,false,"Fairfax County Running","9.01","1,105","01:26:45","157","180","169","236","9:38","7:42","89","89","0.99","0.0","14,614","No","00:00:06.0","10","01:26:43","01:26:46","3","43"
Running,2025-03-08 08:33:53,false,"Fairfax County Running","5.04","620","00:47:05","164","181","168","178","9:20","7:27","112","111","1.03","0.0","7,882","No","00:00:28.7","6","00:47:04","00:47:05","3","100"
Running,2025-03-04 16:38:45,false,"Fairfax County Running","3.20","388","00:29:10","153","173","166","183","9:07","6:13","104","87","1.06","0.0","4,858","No","00:02:13.4","4","00:29:08","00:29:10","8","98"
Running,2025-03-02 12:06:59,false,"Montgomery County Running","4.02","480","00:35:17","157","172","169","182","8:47","5:44","47","45","1.09","0.0","5,948","No","00:00:07.3","5","00:35:15","00:35:17","204","244"
Running,2025-03-01 08:28:15,false,"Fairfax County Running","6.14","758","00:58:58","156","170","168","178","9:36","5:24","110","95","1.00","0.0","9,886","No","00:01:27.1","7","00:58:57","00:58:58","3","99"
Running,2025-02-23 09:24:01,false,"Fairfax County Running","7.01","843","01:04:09","155","175","169","182","9:09","7:06","154","151","1.04","0.0","10,868","No","00:00:03.1","8","01:03:57","01:04:39","17","99"
Running,2025-02-22 08:33:24,false,"Fairfax County Running","4.01","486","00:35:52","157","174","170","180","8:56","6:49","112","89","1.06","0.0","6,092","No","00:00:05.9","5","00:35:49","00:35:52","5","99"
Running,2025-02-17 08:59:48,false,"Fairfax County Running","5.12","619","00:46:59","153","169","168","186","9:11","7:13","103","95","1.04","0.0","7,920","No","00:01:03.7","6","00:46:57","00:46:59","17","98"
Running,2025-02-15 08:37:33,false,"Fairfax County Running","4.12","506","00:37:49","153","173","167","179","9:11","6:16","110","88","1.05","0.0","6,336","No","00:01:09.7","5","00:37:48","00:37:49","4","99"
Running,2025-02-09 09:07:47,false,"Fairfax County Running","7.14","865","01:05:18","156","177","170","185","9:09","6:02","122","100","1.04","0.0","11,110","No","00:01:13.8","8","01:05:17","01:05:18","3","99"
Running,2025-02-08 14:05:06,false,"Fairfax County Running","4.51","541","00:40:46","157","175","168","186","9:02","6:38","128","124","1.06","0.0","6,888","No","00:04:59.3","5","00:40:45","00:41:14","8","100"
Running,2025-02-06 16:29:13,false,"Fairfax County Running","5.16","610","00:46:30","145","165","166","182","9:01","6:13","122","120","1.07","0.0","7,734","No","00:01:13.3","6","00:46:27","00:47:06","3","99"
Running,2025-02-04 16:31:25,false,"Fairfax County Running","4.01","462","00:34:57","150","168","168","182","8:43","5:40","88","79","1.10","0.0","5,854","No","00:00:04.8","5","00:34:56","00:34:57","17","98"
Running,2025-02-03 16:42:11,false,"Fairfax County Running","3.10","357","00:27:16","157","177","165","182","8:47","6:48","106","84","1.11","0.0","4,512","No","00:00:50.6","4","00:27:12","00:27:16","6","100"
Running,2025-01-26 08:58:59,false,"Fairfax County Running","4.59","557","00:40:59","160","178","167","181","8:56","5:33","202","178","1.08","0.0","6,884","No","00:06:08.0","5","00:40:57","00:40:59","4","118"
Running,2025-01-25 08:42:47,false,"Fairfax County Running","4.25","521","00:39:22","156","168","169","183","9:16","6:14","100","98","1.03","0.0","6,650","No","00:02:23.9","5","00:39:20","00:39:22","46","100"
Running,2025-01-19 09:27:18,false,"Fairfax County Running","3.05","356","00:25:59","153","180","169","184","8:32","6:31","77","75","1.12","0.0","4,406","No","00:00:30.2","4","00:25:43","00:25:59","49","98"
Running,2025-01-18 08:50:21,false,"Fairfax County Running","6.25","788","01:01:06","161","181","168","179","9:46","6:42","112","94","0.98","0.0","10,288","No","00:02:21.2","7","01:00:53","01:03:38","3","102"
Running,2025-01-17 16:12:20,false,"Fairfax County Running","3.16","370","00:28:14","141","164","166","181","8:56","6:28","88","79","1.09","0.0","4,686","No","00:01:25.3","4","00:28:13","00:28:14","47","99"
Running,2025-01-12 10:16:11,false,"Fairfax County Running","5.07","624","00:48:15","154","172","166","181","9:31","7:01","112","94","1.02","0.0","8,068","No","00:00:43.6","6","00:47:45","00:53:40","3","99"
Running,2025-01-11 08:29:26,false,"Fairfax County Running","4.12","517","00:40:39","154","172","167","181","9:53","7:49","161","165","0.97","0.0","6,816","No","00:01:41.3","5","00:40:09","00:40:39","15","98"
Running,2025-01-07 08:20:27,false,"Fairfax County Running","3.00","371","00:28:39","159","173","165","178","9:32","7:58","62","61","1.02","0.0","4,732","No","00:00:03.5","4","00:28:38","00:28:39","49","99"
Running,2025-01-05 10:24:19,false,"Fairfax County Running","3.16","384","00:29:05","164","182","167","181","9:12","7:00","108","88","1.05","0.0","4,854","No","00:01:36.8","4","00:29:04","00:29:05","9","99"
Running,2025-01-01 09:49:33,false,"Fairfax County Running","3.11","368","00:29:49","146","158","168","180","9:35","6:30","83","69","1.00","0.0","5,004","No","00:01:09.7","4","00:29:48","00:29:49","48","100"
